"","date_use","cumulative_persons_tested_all","cumulative_positive_persons_all","percent_positive_persons_cum","persons_tested","positive_persons","percent_positive_persons_date","avg_persons_tested","avg_positive_persons","percent_positive_persons_cum_avg_date"
"1",2021-12-22,9881867,1460637,14.78,57147,3748,6.56,90674,4760,5.25
"2",2021-12-21,9870108,1458181,14.77,56085,5979,10.66,112839,4801,4.25
"3",2021-12-20,9860212,1453301,14.74,91326,7351,8.05,129292,4315,3.34
"4",2021-12-19,9845716,1447320,14.7,34096,3198,9.38,140859,3650,2.59
"5",2021-12-18,9836700,1444737,14.69,45935,3939,8.58,148878,3330,2.24
"6",2021-12-17,9825412,1441644,14.67,159566,4672,2.93,147646,2958,2
"7",2021-12-16,9779881,1437904,14.7,190562,4432,2.33,137127,2571,1.87
"8",2021-12-15,9729289,1434327,14.74,212303,4038,1.9,136443,2221,1.63
"9",2021-12-14,9674688,1431050,14.79,171258,2575,1.5,136518,1952,1.43
"10",2021-12-13,9639067,1428903,14.82,172290,2699,1.57,144803,1877,1.3
"11",2021-12-12,9623129,1426705,14.83,90229,956,1.06,149011,1821,1.22
"12",2021-12-11,9614751,1426004,14.83,37317,1337,3.58,153947,1813,1.18
"13",2021-12-10,9604935,1425006,14.84,85932,1958,2.28,153576,1790,1.17
"14",2021-12-09,9590981,1423536,14.84,185773,1983,1.07,153384,1785,1.16
"15",2021-12-08,9576830,1421989,14.85,212825,2159,1.01,154127,1792,1.16
"16",2021-12-07,9560889,1420225,14.85,229252,2045,0.89,154315,1780,1.15
"17",2021-12-06,9543671,1418579,14.86,201748,2311,1.15,154295,1791,1.16
"18",2021-12-05,9528725,1416682,14.87,124779,897,0.72,158962,1791,1.13
"19",2021-12-04,9520991,1415982,14.87,34726,1176,3.39,159559,1768,1.11
"20",2021-12-03,9512144,1415060,14.88,84585,1926,2.28,159461,1748,1.1
"21",2021-12-02,9498490,1413506,14.88,190977,2033,1.06,152838,1640,1.07
"22",2021-12-01,9482709,1411822,14.89,214140,2070,0.97,126874,1390,1.1
"23",2021-11-30,9465322,1410059,14.9,229110,2126,0.93,104319,1289,1.24
"24",2021-11-29,9448272,1408275,14.91,234420,2308,0.98,82701,1180,1.43
"25",2021-11-28,9429970,1406292,14.91,128954,737,0.57,62940,1045,1.66
"26",2021-11-27,9421955,1405705,14.92,34042,1035,3.04,48722,1028,2.11
"27",2021-11-26,9413914,1404928,14.92,38225,1170,3.06,47941,1000,2.09
"28",2021-11-25,9404407,1404017,14.93,9229,286,3.1,53639,1031,1.92
"29",2021-11-24,9401615,1403807,14.93,56250,1360,2.42,78738,1200,1.52
"30",2021-11-23,9391449,1402776,14.94,77784,1364,1.75,100451,1228,1.22
"31",2021-11-22,9379738,1401736,14.94,96097,1364,1.42,120943,1244,1.03
"32",2021-11-21,9366604,1400670,14.95,29424,617,2.1,135211,1293,0.96
"33",2021-11-20,9360218,1400199,14.96,28575,841,2.94,148257,1300,0.88
"34",2021-11-19,9352241,1399595,14.97,78114,1383,1.77,148558,1317,0.89
"35",2021-11-18,9340606,1398530,14.97,184922,1473,0.8,150252,1336,0.89
"36",2021-11-17,9327192,1397385,14.98,208240,1557,0.75,147742,1303,0.88
"37",2021-11-16,9313545,1396150,14.99,221227,1476,0.67,136507,1309,0.96
"38",2021-11-15,9298201,1394958,15,195976,1701,0.87,138012,1335,0.97
"39",2021-11-14,9282853,1393590,15.01,120743,672,0.56,139968,1349,0.96
"40",2021-11-13,9275958,1393091,15.02,30684,955,3.11,141517,1359,0.96
"41",2021-11-12,9268169,1392386,15.02,89969,1516,1.69,141822,1361,0.96
"42",2021-11-11,9255605,1391233,15.03,167355,1246,0.74,154453,1380,0.89
"43",2021-11-10,9243879,1390257,15.04,129592,1595,1.23,159619,1450,0.91
"44",2021-11-09,9229327,1389016,15.05,231763,1658,0.72,171230,1476,0.86
"45",2021-11-08,9213893,1387673,15.06,209667,1801,0.86,164950,1468,0.89
"46",2021-11-07,9198208,1386221,15.07,131591,745,0.57,164147,1462,0.89
"47",2021-11-06,9191403,1385624,15.08,32816,964,2.94,148194,1447,0.98
"48",2021-11-05,9182974,1384905,15.08,178388,1653,0.93,147835,1455,0.98
"49",2021-11-04,9168454,1383604,15.09,203519,1734,0.85,143871,1433,1
"50",2021-11-03,9152239,1382232,15.1,210868,1775,0.84,143193,1405,0.98
"51",2021-11-02,9136760,1380805,15.11,187799,1607,0.86,142626,1391,0.98
"52",2021-11-01,9121379,1379495,15.12,204045,1759,0.86,143655,1396,0.97
"53",2021-10-31,9106939,1378082,15.13,19922,639,3.21,141569,1379,0.97
"54",2021-10-30,9101589,1377585,15.14,30303,1020,3.37,141558,1378,0.97
"55",2021-10-29,9093754,1376821,15.14,150638,1499,1,141456,1361,0.96
"56",2021-10-28,9081536,1375673,15.15,198778,1533,0.77,143804,1353,0.94
"57",2021-10-27,9067774,1374453,15.16,206894,1680,0.81,144633,1341,0.93
"58",2021-10-26,9053140,1373090,15.17,195003,1643,0.84,144884,1315,0.91
"59",2021-10-25,9037522,1371775,15.18,189445,1638,0.86,143993,1279,0.89
"60",2021-10-24,9024721,1370434,15.19,19842,633,3.19,146850,1271,0.87
"61",2021-10-23,9019413,1369939,15.19,29589,898,3.03,147042,1262,0.86
"62",2021-10-22,9012128,1369217,15.19,167078,1448,0.87,147325,1244,0.84
"63",2021-10-21,8998583,1368102,15.2,204581,1445,0.71,148290,1224,0.83
"64",2021-10-20,8983511,1366907,15.22,208653,1499,0.72,147336,1209,0.82
"65",2021-10-19,8967244,1365708,15.23,188761,1392,0.74,145297,1191,0.82
"66",2021-10-18,8949541,1364604,15.25,209444,1582,0.76,146123,1182,0.81
"67",2021-10-17,8933898,1363282,15.26,21187,567,2.68,145197,1158,0.8
"68",2021-10-16,8928026,1362839,15.26,31571,778,2.46,145185,1151,0.79
"69",2021-10-15,8920041,1362249,15.27,173831,1307,0.75,145131,1164,0.8
"70",2021-10-14,8906087,1361237,15.28,197906,1338,0.68,145051,1170,0.81
"71",2021-10-13,8890440,1360187,15.3,194380,1370,0.7,143916,1165,0.81
"72",2021-10-12,8873859,1359112,15.32,194541,1330,0.68,144342,1173,0.81
"73",2021-10-11,8856318,1358090,15.33,202960,1419,0.7,141257,1190,0.84
"74",2021-10-10,8841611,1356973,15.35,21103,516,2.45,141711,1213,0.86
"75",2021-10-09,8835606,1356577,15.35,31193,866,2.78,141722,1223,0.86
"76",2021-10-08,8827583,1355914,15.36,173272,1348,0.78,141835,1227,0.87
"77",2021-10-07,8812946,1354916,15.37,189961,1307,0.69,141749,1256,0.89
"78",2021-10-06,8796635,1353910,15.39,197363,1423,0.72,143824,1295,0.9
"79",2021-10-05,8778739,1352802,15.41,172945,1454,0.84,145625,1332,0.91
"80",2021-10-04,8762587,1351644,15.43,206140,1576,0.76,147699,1355,0.92
"81",2021-10-03,8745324,1350399,15.44,21181,584,2.76,148453,1391,0.94
"82",2021-10-02,8739695,1349961,15.45,31986,898,2.81,148466,1409,0.95
"83",2021-10-01,8731585,1349288,15.45,172666,1551,0.9,148727,1442,0.97
"84",2021-09-30,8716428,1348117,15.47,204489,1580,0.77,148931,1464,0.98
"85",2021-09-29,8699886,1346903,15.48,209965,1678,0.8,148909,1488,1
"86",2021-09-28,8683168,1345591,15.5,187468,1618,0.86,147788,1517,1.03
"87",2021-09-27,8666369,1344341,15.51,211419,1827,0.86,147742,1575,1.07
"88",2021-09-26,8649317,1342897,15.53,21272,711,3.34,146666,1650,1.13
"89",2021-09-25,8643614,1342349,15.53,33813,1130,3.34,146882,1647,1.12
"90",2021-09-24,8634912,1341531,15.54,174093,1704,0.98,147224,1658,1.13
"91",2021-09-23,8619253,1340300,15.55,204331,1749,0.86,147755,1686,1.14
"92",2021-09-22,8601368,1338975,15.57,202123,1880,0.93,131497,1707,1.3
"93",2021-09-21,8583047,1337516,15.58,187142,2024,1.08,134071,1756,1.31
"94",2021-09-20,8564412,1335906,15.6,203889,2349,1.15,135380,1792,1.32
"95",2021-09-19,8545410,1334048,15.61,22781,693,3.04,138593,1833,1.32
"96",2021-09-18,8538931,1333513,15.62,36206,1208,3.34,138713,1857,1.34
"97",2021-09-17,8528748,1332612,15.62,177816,1896,1.07,139126,1901,1.37
"98",2021-09-16,8511146,1331214,15.64,90524,1900,2.1,140407,1994,1.42
"99",2021-09-15,8494088,1329789,15.66,220140,2219,1.01,159024,2106,1.32
"100",2021-09-14,8474429,1328075,15.67,196306,2276,1.16,160805,2187,1.36
"101",2021-09-13,8454269,1326287,15.69,226376,2636,1.16,153582,2297,1.5
"102",2021-09-12,8432183,1324199,15.7,23621,861,3.65,126074,2118,1.68
"103",2021-09-11,8425611,1323503,15.71,39098,1518,3.88,125824,2113,1.68
"104",2021-09-10,8415519,1322383,15.71,186787,2547,1.36,125361,2136,1.7
"105",2021-09-09,8394942,1320427,15.73,220843,2687,1.22,110800,2108,1.9
"106",2021-09-08,8373486,1318358,15.74,232604,2781,1.2,108231,2137,1.97
"107",2021-09-07,8349614,1316174,15.76,145745,3047,2.09,105388,2165,2.05
"108",2021-09-06,8324926,1313794,15.78,33818,1382,4.09,112584,2169,1.93
"109",2021-09-05,8316583,1312669,15.78,21874,832,3.8,139235,2472,1.78
"110",2021-09-04,8310035,1312008,15.79,35857,1678,4.68,139595,2521,1.81
"111",2021-09-03,8299789,1310757,15.79,84856,2347,2.77,140475,2568,1.83
"112",2021-09-02,8279962,1309009,15.81,202864,2894,1.43,154266,2695,1.75
"113",2021-09-01,8255594,1306809,15.83,212701,2972,1.4,153269,2793,1.82
"114",2021-08-31,8228614,1304458,15.85,196115,3077,1.57,152047,2905,1.91
"115",2021-08-30,8201319,1302005,15.88,220380,3505,1.59,149563,2989,2
"116",2021-08-29,8172146,1299237,15.9,24391,1176,4.82,147168,3094,2.1
"117",2021-08-28,8165183,1298321,15.9,42020,2007,4.78,147187,3108,2.11
"118",2021-08-27,8153069,1296822,15.91,181391,3234,1.78,147784,3175,2.15
"119",2021-08-26,8127967,1294408,15.93,195886,3581,1.83,147861,3318,2.24
"120",2021-08-25,8102786,1291637,15.94,204146,3753,1.84,146292,3400,2.32
"121",2021-08-24,8074542,1288727,15.96,178730,3670,2.05,144292,3501,2.43
"122",2021-08-23,8046003,1285808,15.98,203609,4240,2.08,142182,3591,2.53
"123",2021-08-22,8015668,1282430,16,24524,1272,5.19,137516,3641,2.65
"124",2021-08-21,8008066,1281421,16,46204,2472,5.35,137862,3708,2.69
"125",2021-08-20,7993389,1279545,16.01,181929,4238,2.33,140226,3799,2.71
"126",2021-08-19,7964933,1276320,16.02,184905,4157,2.25,133108,3828,2.88
"127",2021-08-18,7936559,1273063,16.04,190145,4461,2.35,127120,3898,3.07
"128",2021-08-17,7907546,1269513,16.05,163957,4295,2.62,122386,3964,3.24
"129",2021-08-16,7877015,1266125,16.07,170945,4595,2.69,117781,4021,3.41
"130",2021-08-15,7844442,1262443,16.09,26947,1740,6.46,115904,4073,3.51
"131",2021-08-14,7835598,1261053,16.09,62752,3105,4.95,115176,4074,3.54
"132",2021-08-13,7812632,1258703,16.11,132102,4440,3.36,113021,4078,3.61
"133",2021-08-12,7767660,1255321,16.16,142993,4652,3.25,109234,4078,3.73
"134",2021-08-11,7718013,1251577,16.22,157003,4918,3.13,103690,4046,3.9
"135",2021-08-10,7665216,1247614,16.28,131724,4695,3.56,96995,4017,4.14
"136",2021-08-09,7622701,1243829,16.32,157805,4959,3.14,91166,3997,4.38
"137",2021-08-08,7568381,1239716,16.38,21856,1746,7.99,82542,3903,4.73
"138",2021-08-07,7561729,1238322,16.38,47664,3135,6.58,82440,3910,4.74
"139",2021-08-06,7545958,1235863,16.38,105594,4440,4.2,80416,3873,4.82
"140",2021-08-05,7513461,1232421,16.4,104186,4430,4.25,75523,3818,5.06
"141",2021-08-04,7480886,1228901,16.43,110139,4713,4.28,69803,3762,5.39
"142",2021-08-03,7447773,1225054,16.45,90915,4556,5.01,63870,3679,5.76
"143",2021-08-02,7423263,1221339,16.45,97441,4301,4.41,60134,3589,5.97
"144",2021-08-01,7397096,1217763,16.46,21139,1795,8.49,56084,3533,6.3
"145",2021-07-31,7390541,1216316,16.46,33497,2874,8.58,55630,3490,6.27
"146",2021-07-30,7380204,1214107,16.45,71346,4059,5.69,54861,3396,6.19
"147",2021-07-29,7363606,1210943,16.44,64143,4034,6.29,53430,3275,6.13
"148",2021-07-28,7348620,1207674,16.43,68607,4131,6.02,52712,3146,5.97
"149",2021-07-27,7333064,1204324,16.42,64764,3929,6.07,52775,3022,5.73
"150",2021-07-26,7318596,1201108,16.41,69095,3910,5.66,52754,2895,5.49
"151",2021-07-25,7303928,1197836,16.4,17960,1494,8.32,51932,2772,5.34
"152",2021-07-24,7298134,1196576,16.4,28109,2215,7.88,51759,2734,5.28
"153",2021-07-23,7289415,1194783,16.39,61332,3210,5.23,51122,2670,5.22
"154",2021-07-22,7275903,1192212,16.39,59117,3136,5.3,49684,2561,5.15
"155",2021-07-21,7262504,1189642,16.38,69046,3260,4.72,48419,2451,5.06
"156",2021-07-20,7248627,1186891,16.37,64616,3040,4.7,46454,2297,4.94
"157",2021-07-19,7235653,1184326,16.37,63341,3049,4.81,44936,2123,4.72
"158",2021-07-18,7223064,1181784,16.36,16750,1226,7.32,43403,1948,4.49
"159",2021-07-17,7217544,1180787,16.36,23650,1771,7.49,42965,1888,4.39
"160",2021-07-16,7209965,1179374,16.36,51267,2448,4.78,42309,1794,4.24
"161",2021-07-15,7198664,1177352,16.36,50263,2360,4.7,41615,1653,3.97
"162",2021-07-14,7187403,1175379,16.35,55293,2182,3.95,41189,1522,3.7
"163",2021-07-13,7176670,1173553,16.35,53987,1827,3.38,40838,1399,3.43
"164",2021-07-12,7166736,1171985,16.35,52608,1825,3.47,41851,1305,3.12
"165",2021-07-11,7156315,1170409,16.35,13685,806,5.89,37215,1135,3.05
"166",2021-07-10,7151606,1169702,16.36,19060,1110,5.82,36303,1048,2.89
"167",2021-07-09,7145380,1168779,16.36,46411,1463,3.15,35986,964,2.68
"168",2021-07-08,7135612,1167553,16.36,47278,1443,3.05,33480,855,2.55
"169",2021-07-07,7125831,1166337,16.37,52834,1318,2.49,33050,750,2.27
"170",2021-07-06,7116265,1165210,16.37,61078,1173,1.92,32523,652,2
"171",2021-07-05,7105979,1164215,16.38,20160,635,3.15,30818,568,1.84
"172",2021-07-04,7099868,1163670,16.39,7301,197,2.7,35446,557,1.57
"173",2021-07-03,7097225,1163504,16.39,16840,521,3.09,36272,566,1.56
"174",2021-07-02,7091254,1163070,16.4,28870,697,2.41,36334,535,1.47
"175",2021-07-01,7083147,1162516,16.41,44266,706,1.59,38161,488,1.28
"176",2021-06-30,7074572,1161923,16.42,49147,637,1.3,37627,447,1.19
"177",2021-06-29,7065308,1161388,16.44,49140,580,1.18,37295,408,1.09
"178",2021-06-28,7056217,1160896,16.45,52558,563,1.07,36964,379,1.03
"179",2021-06-27,7046667,1160436,16.47,13084,260,1.99,36755,349,0.95
"180",2021-06-26,7042447,1160225,16.47,17274,304,1.76,36701,334,0.91
"181",2021-06-25,7036771,1159975,16.48,41656,363,0.87,36674,320,0.87
"182",2021-06-24,7027895,1159683,16.5,40529,421,1.04,36490,309,0.85
"183",2021-06-23,7019507,1159337,16.52,46824,368,0.79,36176,289,0.8
"184",2021-06-22,7010321,1159043,16.53,46822,372,0.79,35493,280,0.79
"185",2021-06-21,7000942,1158733,16.55,51093,356,0.7,34792,263,0.76
"186",2021-06-20,6990895,1158449,16.57,12709,156,1.23,34673,257,0.74
"187",2021-06-19,6986698,1158317,16.58,17087,205,1.2,34819,251,0.72
"188",2021-06-18,6980955,1158169,16.59,40365,287,0.71,34876,248,0.71
"189",2021-06-17,6971476,1157956,16.61,38334,280,0.73,36743,246,0.67
"190",2021-06-16,6962172,1157744,16.63,42042,301,0.72,39951,241,0.6
"191",2021-06-15,6953020,1157503,16.65,41915,253,0.6,41113,236,0.57
"192",2021-06-14,6944425,1157307,16.67,50260,317,0.63,43536,237,0.54
"193",2021-06-13,6934904,1157068,16.68,13733,113,0.82,46769,232,0.5
"194",2021-06-12,6930512,1156968,16.69,17480,187,1.07,46642,237,0.51
"195",2021-06-11,6924869,1156834,16.71,53438,268,0.5,47871,237,0.5
"196",2021-06-10,6915631,1156637,16.72,60788,248,0.41,51437,234,0.45
"197",2021-06-09,6906314,1156441,16.74,50178,265,0.53,54059,236,0.44
"198",2021-06-08,6894726,1156234,16.77,58873,259,0.44,59543,242,0.41
"199",2021-06-07,6880333,1156034,16.8,72891,283,0.39,66255,250,0.38
"200",2021-06-06,6862084,1155831,16.84,12847,148,1.15,58257,225,0.39
"201",2021-06-05,6858094,1155714,16.85,26082,188,0.72,58214,225,0.39
"202",2021-06-04,6847843,1155575,16.88,78401,244,0.31,56506,221,0.39
"203",2021-06-03,6835572,1155397,16.9,79142,266,0.34,54471,218,0.4
"204",2021-06-02,6823752,1155191,16.93,88564,306,0.35,53608,214,0.4
"205",2021-06-01,6811891,1154956,16.95,105857,316,0.3,52410,208,0.4
"206",2021-05-31,6799418,1154710,16.98,16905,109,0.64,49859,195,0.39
"207",2021-05-30,6795324,1154628,16.99,12550,144,1.15,60356,219,0.36
"208",2021-05-29,6791375,1154522,17,14124,161,1.14,60465,217,0.36
"209",2021-05-28,6786947,1154400,17.01,64155,225,0.35,60957,220,0.36
"210",2021-05-27,6778187,1154240,17.03,73099,235,0.32,61650,227,0.37
"211",2021-05-26,6769545,1154061,17.05,80179,266,0.33,62527,231,0.37
"212",2021-05-25,6760464,1153862,17.07,87999,222,0.25,63178,231,0.37
"213",2021-05-24,6751095,1153696,17.09,90385,280,0.31,63499,239,0.38
"214",2021-05-23,6741164,1153497,17.11,13313,131,0.98,64381,246,0.38
"215",2021-05-22,6737314,1153408,17.12,17568,182,1.04,64434,250,0.39
"216",2021-05-21,6732426,1153292,17.13,69009,275,0.4,64651,253,0.39
"217",2021-05-20,6722795,1153106,17.15,79234,262,0.33,64734,262,0.4
"218",2021-05-19,6712986,1152914,17.17,84741,266,0.31,64799,270,0.42
"219",2021-05-18,6702931,1152724,17.2,90245,277,0.31,65266,283,0.43
"220",2021-05-17,6692741,1152535,17.22,96560,331,0.34,65326,297,0.45
"221",2021-05-16,6681929,1152284,17.24,13684,160,1.17,65561,306,0.47
"222",2021-05-15,6678237,1152177,17.25,19083,203,1.06,65577,305,0.47
"223",2021-05-14,6673049,1152040,17.26,69592,335,0.48,65783,308,0.47
"224",2021-05-13,6663325,1151813,17.29,79687,317,0.4,64683,311,0.48
"225",2021-05-12,6653599,1151594,17.31,88012,359,0.41,64477,326,0.51
"226",2021-05-11,6642776,1151317,17.33,90665,376,0.41,63531,332,0.52
"227",2021-05-10,6632309,1151036,17.35,98203,395,0.4,62490,344,0.55
"228",2021-05-09,6621152,1150755,17.38,13798,148,1.07,61199,353,0.58
"229",2021-05-08,6617346,1150647,17.39,20527,227,1.11,61466,361,0.59
"230",2021-05-07,6612116,1150501,17.4,61886,358,0.58,61549,371,0.6
"231",2021-05-06,6602166,1150257,17.42,78245,420,0.54,62121,386,0.62
"232",2021-05-05,6591655,1149957,17.45,81390,402,0.49,61385,394,0.64
"233",2021-05-04,6580564,1149647,17.47,83379,458,0.55,61281,403,0.66
"234",2021-05-03,6569268,1149319,17.5,89165,457,0.51,60855,410,0.67
"235",2021-05-02,6557278,1148986,17.52,15667,202,1.29,60665,406,0.67
"236",2021-05-01,6553021,1148834,17.53,21108,303,1.44,62000,419,0.68
"237",2021-04-30,6547154,1148616,17.54,65890,458,0.7,63727,431,0.68
"238",2021-04-29,6535282,1148284,17.57,73093,479,0.66,64336,435,0.68
"239",2021-04-28,6523311,1147941,17.6,80668,463,0.57,64891,443,0.68
"240",2021-04-27,6510651,1147586,17.63,80391,506,0.63,65668,458,0.7
"241",2021-04-26,6498330,1147233,17.65,87838,429,0.49,66193,467,0.71
"242",2021-04-25,6486034,1146917,17.68,25012,294,1.18,66808,485,0.73
"243",2021-04-24,6479162,1146694,17.7,33197,389,1.17,66789,486,0.73
"244",2021-04-23,6470072,1146419,17.72,70156,488,0.7,67713,498,0.74
"245",2021-04-22,6454922,1146073,17.76,76975,533,0.69,68800,517,0.75
"246",2021-04-21,6438193,1145686,17.8,86108,566,0.66,69072,532,0.77
"247",2021-04-20,6418821,1145260,17.84,84068,567,0.67,68549,546,0.8
"248",2021-04-19,6398529,1144864,17.89,92139,556,0.6,67779,571,0.84
"249",2021-04-18,6378712,1144425,17.94,24881,302,1.21,67463,581,0.86
"250",2021-04-17,6369330,1144206,17.96,39661,477,1.2,66856,588,0.88
"251",2021-04-16,6353186,1143901,18.01,77771,619,0.8,65071,590,0.91
"252",2021-04-15,6329558,1143456,18.07,78876,639,0.81,62423,603,0.97
"253",2021-04-14,6307447,1142995,18.12,82444,665,0.81,60083,612,1.02
"254",2021-04-13,6287210,1142507,18.17,78678,740,0.94,57670,622,1.08
"255",2021-04-12,6268950,1141947,18.22,89930,623,0.69,55997,628,1.12
"256",2021-04-11,6251992,1141458,18.26,20634,354,1.72,54710,637,1.16
"257",2021-04-10,6245499,1141206,18.27,27167,487,1.79,53562,627,1.17
"258",2021-04-09,6236683,1140856,18.29,59230,715,1.21,52560,625,1.19
"259",2021-04-08,6222768,1140322,18.32,62495,698,1.12,49558,624,1.26
"260",2021-04-07,6209628,1139803,18.36,65554,735,1.12,47279,612,1.29
"261",2021-04-06,6196803,1139231,18.38,66966,782,1.17,45274,605,1.34
"262",2021-04-05,6184202,1138653,18.41,80924,690,0.85,43830,594,1.36
"263",2021-04-04,6171465,1138123,18.44,12599,284,2.25,41925,604,1.44
"264",2021-04-03,6167851,1137906,18.45,20155,472,2.34,42324,613,1.45
"265",2021-04-02,6162431,1137574,18.46,38211,705,1.85,42317,613,1.45
"266",2021-04-01,6153895,1137094,18.48,46542,617,1.33,43251,610,1.41
"267",2021-03-31,6145358,1136640,18.5,51519,688,1.34,44313,621,1.4
"268",2021-03-30,6136233,1136129,18.52,56863,701,1.23,45119,633,1.4
"269",2021-03-29,6126994,1135619,18.53,67589,761,1.13,45391,632,1.39
"270",2021-03-28,6116816,1135078,18.56,15387,347,2.26,46049,633,1.37
"271",2021-03-27,6112326,1134824,18.57,20105,469,2.33,46023,637,1.38
"272",2021-03-26,6106843,1134516,18.58,44753,687,1.54,46055,646,1.4
"273",2021-03-25,6098086,1134066,18.6,53973,696,1.29,46571,654,1.4
"274",2021-03-24,6088687,1133583,18.62,57162,772,1.35,46203,662,1.43
"275",2021-03-23,6078752,1133060,18.64,58765,690,1.17,46084,663,1.44
"276",2021-03-22,6068211,1132577,18.66,72197,772,1.07,45868,687,1.5
"277",2021-03-21,6057227,1132036,18.69,15203,370,2.43,45175,692,1.53
"278",2021-03-20,6053104,1131788,18.7,20331,534,2.63,45120,697,1.54
"279",2021-03-19,6047489,1131423,18.71,48363,744,1.54,45220,709,1.57
"280",2021-03-18,6038783,1130947,18.73,51398,754,1.47,45385,728,1.6
"281",2021-03-17,6030110,1130435,18.75,56333,776,1.38,45788,751,1.64
"282",2021-03-16,6020415,1129914,18.77,57251,861,1.5,46009,771,1.68
"283",2021-03-15,6011054,1129312,18.79,67344,806,1.2,46256,772,1.67
"284",2021-03-14,6001477,1128737,18.81,14822,402,2.71,46978,819,1.74
"285",2021-03-13,5997566,1128447,18.82,21029,618,2.94,47010,836,1.78
"286",2021-03-12,5992109,1128045,18.83,49520,877,1.77,47023,852,1.81
"287",2021-03-11,5983163,1127457,18.84,54216,917,1.69,47431,871,1.84
"288",2021-03-10,5974464,1126812,18.86,57879,918,1.59,47927,891,1.86
"289",2021-03-09,5965001,1126160,18.88,58984,868,1.47,47827,898,1.88
"290",2021-03-08,5955049,1125530,18.9,72397,1135,1.57,48187,931,1.93
"291",2021-03-07,5944359,1124686,18.92,15047,517,3.44,48346,938,1.94
"292",2021-03-06,5940463,1124320,18.93,21117,731,3.46,48628,944,1.94
"293",2021-03-05,5935124,1123855,18.94,52374,1014,1.94,49200,982,2
"294",2021-03-04,5925835,1123206,18.95,57694,1053,1.83,49440,1023,2.07
"295",2021-03-03,5916368,1122524,18.97,57179,970,1.7,50107,1063,2.12
"296",2021-03-02,5906922,1121875,18.99,61501,1094,1.78,50865,1124,2.21
"297",2021-03-01,5896368,1121138,19.01,73507,1185,1.61,51317,1175,2.29
"298",2021-02-28,5885151,1120360,19.04,17025,559,3.28,51460,1252,2.43
"299",2021-02-27,5880959,1119965,19.04,25117,997,3.97,51744,1288,2.49
"300",2021-02-26,5874867,1119363,19.05,54056,1304,2.41,51967,1337,2.57
"301",2021-02-25,5865085,1118563,19.07,62362,1331,2.13,52890,1406,2.66
"302",2021-02-24,5854598,1117692,19.09,62485,1398,2.24,53526,1478,2.76
"303",2021-02-23,5844393,1116792,19.11,64669,1452,2.25,54300,1605,2.96
"304",2021-02-22,5833706,1115870,19.13,74506,1722,2.31,56402,1771,3.14
"305",2021-02-21,5823228,1114745,19.14,19011,815,4.29,53045,1802,3.4
"306",2021-02-20,5818572,1114233,19.15,26679,1338,5.02,52991,1849,3.49
"307",2021-02-19,5812364,1113473,19.16,60518,1787,2.95,53313,1977,3.71
"308",2021-02-18,5802279,1112416,19.17,66811,1834,2.75,53195,2125,3.99
"309",2021-02-17,5791972,1111261,19.19,67903,2288,3.37,53807,2302,4.28
"310",2021-02-16,5780756,1109887,19.2,79383,2610,3.29,54312,2452,4.51
"311",2021-02-15,5768894,1108319,19.21,51013,1941,3.8,53398,2578,4.83
"312",2021-02-14,5760222,1106981,19.22,18631,1146,6.15,58721,2899,4.94
"313",2021-02-13,5755422,1106227,19.22,28932,2231,7.71,59265,2988,5.04
"314",2021-02-12,5748161,1104948,19.22,59692,2822,4.73,60462,3201,5.29
"315",2021-02-11,5737397,1103270,19.23,71097,3078,4.33,62868,3499,5.57
"316",2021-02-10,5725617,1101374,19.24,71437,3334,4.67,64169,3776,5.88
"317",2021-02-09,5712425,1099238,19.24,72983,3491,4.78,65432,4069,6.22
"318",2021-02-08,5699155,1096918,19.25,88272,4193,4.75,66662,4393,6.59
"319",2021-02-07,5684549,1094036,19.25,22440,1766,7.87,67938,4755,7
"320",2021-02-06,5678562,1092822,19.24,37314,3725,9.98,68452,4909,7.17
"321",2021-02-05,5668764,1090502,19.24,76535,4906,6.41,69284,5206,7.51
"322",2021-02-04,5654326,1087453,19.23,80202,5016,6.25,68969,5370,7.79
"323",2021-02-03,5639894,1084133,19.22,80276,5384,6.71,69611,5661,8.13
"324",2021-02-02,5624194,1080425,19.21,81594,5760,7.06,70649,6056,8.57
"325",2021-02-01,5608271,1076408,19.19,97208,6725,6.92,71792,6452,8.99
"326",2021-01-31,5591109,1071630,19.17,26036,2850,10.95,72483,6784,9.36
"327",2021-01-30,5583639,1069564,19.16,43140,5798,13.44,72962,6960,9.54
"328",2021-01-29,5571506,1065857,19.13,74325,6058,8.15,73280,7084,9.67
"329",2021-01-28,5556134,1061720,19.11,84699,7049,8.32,76226,7728,10.14
"330",2021-01-27,5538812,1056707,19.08,87543,8153,9.31,78600,8306,10.57
"331",2021-01-26,5519858,1051179,19.04,89592,8534,9.53,81504,8888,10.9
"332",2021-01-25,5499823,1045033,19,102047,9044,8.86,85665,9595,11.2
"333",2021-01-24,5479397,1038478,18.95,29385,4082,13.89,82399,9415,11.43
"334",2021-01-23,5470225,1035430,18.93,45366,6670,14.7,83148,9498,11.42
"335",2021-01-22,5456201,1030724,18.89,94948,10563,11.13,85148,10019,11.77
"336",2021-01-21,5433150,1023339,18.84,101317,11098,10.95,86802,10534,12.14
"337",2021-01-20,5408669,1015332,18.77,107872,12225,11.33,88831,11142,12.54
"338",2021-01-19,5382104,1006522,18.7,118722,13483,11.36,89652,11599,12.94
"339",2021-01-18,5353139,996743,18.62,79181,7783,9.83,89003,11986,13.47
"340",2021-01-17,5334525,990545,18.57,34627,4662,13.46,97368,13520,13.89
"341",2021-01-16,5323531,986909,18.54,59371,10317,17.38,97568,13678,14.02
"342",2021-01-15,5303857,979664,18.47,106521,14169,13.3,100167,14313,14.29
"343",2021-01-14,5273561,969437,18.38,115520,15355,13.29,102226,15137,14.81
"344",2021-01-13,5242130,958377,18.28,113623,15427,13.58,104314,15855,15.2
"345",2021-01-12,5208406,946591,18.17,114181,16188,14.18,107045,16922,15.81
"346",2021-01-11,5175078,933685,18.04,137733,18522,13.45,110495,18154,16.43
"347",2021-01-10,5137775,919302,17.89,36027,5765,16,111960,19199,17.15
"348",2021-01-09,5125356,914612,17.84,77566,14768,19.04,112276,19495,17.36
"349",2021-01-08,5099223,903626,17.72,120934,19936,16.49,111910,19924,17.8
"350",2021-01-07,5060568,888153,17.55,130133,20381,15.66,96805,17582,18.16
"351",2021-01-06,5020572,871691,17.36,132738,22896,17.25,86688,16282,18.78
"352",2021-01-05,4977290,852854,17.13,138331,24809,17.93,85407,16642,19.49
"353",2021-01-04,4934223,832537,16.87,147989,25840,17.46,84045,17066,20.31
"354",2021-01-03,4891845,811140,16.58,38238,7833,20.48,81308,16859,20.73
"355",2021-01-02,4878393,804365,16.49,75008,17772,23.69,80983,16870,20.83
"356",2021-01-01,4851771,790199,16.29,15201,3542,23.3,80464,16854,20.95
"357",2020-12-31,4846116,787144,16.24,59314,11281,19.02,79648,16719,20.99
"358",2020-12-30,4827036,777459,16.11,123766,25414,20.53,78312,16355,20.88
"359",2020-12-29,4785514,756970,15.82,128802,27781,21.57,78341,15848,20.23
"360",2020-12-28,4742595,734390,15.48,128826,24391,18.93,78265,15043,19.22
"361",2020-12-27,4705174,714558,15.19,35967,7910,21.99,79402,14517,18.28
"362",2020-12-26,4692034,707794,15.09,71375,17660,24.74,79505,14371,18.08
"363",2020-12-25,4665476,694301,14.88,9489,2598,27.38,80288,13981,17.41
"364",2020-12-24,4661898,692109,14.85,49956,8731,17.48,96004,16370,17.05
"365",2020-12-23,4644968,684642,14.74,123971,21866,17.64,106477,17986,16.89
"366",2020-12-22,4603076,667264,14.5,128269,22142,17.26,106206,17685,16.65
"367",2020-12-21,4558856,649469,14.25,136787,20713,15.14,105033,17529,16.69
"368",2020-12-20,4515823,632674,14.01,36690,6888,18.77,103860,17321,16.68
"369",2020-12-19,4501151,626806,13.93,76856,14932,19.43,103390,17216,16.65
"370",2020-12-18,4470025,614798,13.75,119500,19321,16.17,102366,16977,16.58
"371",2020-12-17,4428620,599179,13.53,123265,20037,16.26,100710,16495,16.38
"372",2020-12-16,4385544,582495,13.28,122073,19762,16.19,98411,15862,16.12
"373",2020-12-15,4342519,566147,13.04,120057,21049,17.53,96411,15158,15.72
"374",2020-12-14,4297767,548441,12.76,128576,19255,14.98,95329,14417,15.12
"375",2020-12-13,4254555,532014,12.5,33403,6156,18.43,94190,13853,14.71
"376",2020-12-12,4240669,526608,12.42,69689,13257,19.02,93520,13679,14.63
"377",2020-12-11,4211281,515494,12.24,107906,15947,14.78,92855,13178,14.19
"378",2020-12-10,4173247,502102,12.03,107173,15609,14.56,92858,12651,13.62
"379",2020-12-09,4135573,488774,11.82,108072,14830,13.72,93348,12205,13.07
"380",2020-12-08,4098145,476113,11.62,112482,15863,14.1,93314,11827,12.67
"381",2020-12-07,4059953,462535,11.39,120606,15310,12.69,93028,11308,12.16
"382",2020-12-06,4021893,449478,11.18,28709,4934,17.19,92256,10808,11.72
"383",2020-12-05,4009712,445235,11.1,65038,9753,15,91855,10607,11.55
"384",2020-12-04,3982121,437070,10.98,107927,12257,11.36,91142,10434,11.45
"385",2020-12-03,3945877,426888,10.82,110599,12487,11.29,80945,9322,11.52
"386",2020-12-02,3908829,416327,10.65,107835,12187,11.3,66420,7709,11.61
"387",2020-12-01,3871833,405951,10.48,110479,12230,11.07,63473,7033,11.08
"388",2020-11-30,3835254,395537,10.31,115204,11811,10.25,62591,6303,10.07
"389",2020-11-29,3800498,385665,10.15,25905,3527,13.62,60851,5534,9.09
"390",2020-11-28,3789649,382622,10.1,60046,8538,14.22,61431,5392,8.78
"391",2020-11-27,3765218,376033,9.99,36546,4474,12.24,60919,4806,7.89
"392",2020-11-26,3750642,372200,9.92,8926,1195,13.39,67961,5025,7.39
"393",2020-11-25,3747359,371175,9.9,87205,7453,8.55,78635,5653,7.19
"394",2020-11-24,3718196,365079,9.82,104302,7126,6.83,78760,5386,6.84
"395",2020-11-23,3686482,359145,9.74,103024,6428,6.24,76067,5152,6.77
"396",2020-11-22,3653860,353755,9.68,29965,2533,8.45,73055,5017,6.87
"397",2020-11-21,3641219,351565,9.66,56463,4431,7.85,71777,4935,6.88
"398",2020-11-20,3617024,347946,9.62,85840,6009,7,69891,4809,6.88
"399",2020-11-19,3586256,343133,9.57,83646,5593,6.69,67891,4595,6.77
"400",2020-11-18,3556257,338454,9.52,88083,5579,6.33,66152,4372,6.61
"401",2020-11-17,3525640,333797,9.47,85446,5494,6.43,62998,4086,6.49
"402",2020-11-16,3496710,329214,9.41,81945,5481,6.69,60588,3782,6.24
"403",2020-11-15,3469188,324660,9.36,21017,1956,9.31,58926,3500,5.94
"404",2020-11-14,3459832,323011,9.34,43262,3554,8.22,57974,3364,5.8
"405",2020-11-13,3440587,320266,9.31,71839,4511,6.28,56443,3173,5.62
"406",2020-11-12,3415210,316744,9.27,71474,4031,5.64,54809,2959,5.4
"407",2020-11-11,3391634,313552,9.24,66004,3574,5.41,53337,2809,5.27
"408",2020-11-10,3370415,310668,9.22,68576,3370,4.91,53107,2718,5.12
"409",2020-11-09,3348841,307990,9.2,70309,3502,4.98,51862,2601,5.02
"410",2020-11-08,3326247,305162,9.17,14352,1003,6.99,50922,2516,4.94
"411",2020-11-07,3320035,304322,9.17,32545,2221,6.82,50723,2492,4.91
"412",2020-11-06,3305894,302585,9.15,60403,3012,4.99,49883,2411,4.83
"413",2020-11-05,3284282,300313,9.14,61168,2984,4.88,48556,2288,4.71
"414",2020-11-04,3263850,297962,9.13,64396,2935,4.56,47991,2151,4.48
"415",2020-11-03,3243123,295582,9.11,59860,2549,4.26,47376,1974,4.17
"416",2020-11-02,3223323,293500,9.11,63730,2909,4.56,47210,1872,3.97
"417",2020-11-01,3201636,291221,9.1,12959,835,6.44,46500,1758,3.78
"418",2020-10-31,3195883,290518,9.09,26665,1655,6.21,46447,1723,3.71
"419",2020-10-30,3184524,289281,9.08,51115,2146,4.2,46293,1686,3.64
"420",2020-10-29,3165411,287766,9.09,57209,2026,3.54,46126,1675,3.63
"421",2020-10-28,3146211,286327,9.1,60092,1698,2.83,45325,1650,3.64
"422",2020-10-27,3126646,285029,9.12,58700,1838,3.13,44721,1681,3.76
"423",2020-10-26,3106327,283678,9.13,58758,2105,3.58,44032,1687,3.83
"424",2020-10-25,3083525,282089,9.15,12593,595,4.72,43416,1702,3.92
"425",2020-10-24,3077541,281614,9.15,25581,1394,5.45,43231,1713,3.96
"426",2020-10-23,3066550,280632,9.15,49948,2067,4.14,43014,1699,3.95
"427",2020-10-22,3047337,279213,9.16,51601,1854,3.59,42837,1656,3.87
"428",2020-10-21,3029010,277851,9.17,55869,1913,3.42,42471,1636,3.85
"429",2020-10-20,3010305,276405,9.18,53871,1879,3.49,42142,1600,3.8
"430",2020-10-19,2991494,274939,9.19,54446,2210,4.06,41663,1551,3.72
"431",2020-10-18,2971328,273281,9.2,11303,674,5.96,41049,1501,3.66
"432",2020-10-17,2966053,272758,9.2,24063,1294,5.38,41044,1487,3.62
"433",2020-10-16,2955899,271824,9.2,48703,1768,3.63,41107,1496,3.64
"434",2020-10-15,2937490,270588,9.21,49039,1715,3.5,40822,1479,3.62
"435",2020-10-14,2919945,269317,9.22,53571,1660,3.1,40573,1451,3.58
"436",2020-10-13,2902183,268067,9.24,50513,1533,3.03,40421,1454,3.6
"437",2020-10-12,2885057,266911,9.25,50149,1862,3.71,40356,1430,3.54
"438",2020-10-11,2866967,265500,9.26,11272,574,5.09,40265,1422,3.53
"439",2020-10-10,2861694,265052,9.26,24500,1363,5.56,40214,1411,3.51
"440",2020-10-09,2850756,264034,9.26,46711,1649,3.53,40186,1372,3.41
"441",2020-10-08,2833527,262817,9.28,47293,1517,3.21,39834,1348,3.38
"442",2020-10-07,2817215,261693,9.29,52511,1678,3.2,38916,1357,3.49
"443",2020-10-06,2799524,260431,9.3,50058,1370,2.74,37817,1330,3.52
"444",2020-10-05,2782256,259368,9.32,49507,1804,3.64,36714,1335,3.64
"445",2020-10-04,2764481,258015,9.33,10920,495,4.53,34876,1280,3.67
"446",2020-10-03,2759143,257624,9.34,24299,1094,4.5,34664,1283,3.7
"447",2020-10-02,2748390,256819,9.34,44251,1476,3.34,34119,1277,3.74
"448",2020-10-01,2731659,255812,9.36,40869,1581,3.87,32995,1276,3.87
"449",2020-09-30,2717293,254640,9.37,44816,1491,3.33,32867,1263,3.84
"450",2020-09-29,2702251,253518,9.38,42335,1406,3.32,32867,1256,3.82
"451",2020-09-28,2687023,252443,9.39,36641,1420,3.88,32945,1240,3.76
"452",2020-09-27,2673140,251410,9.41,9437,516,5.47,33809,1263,3.74
"453",2020-09-26,2668277,250995,9.41,20486,1051,5.13,33773,1263,3.74
"454",2020-09-25,2659061,250277,9.41,36384,1467,4.03,33708,1251,3.71
"455",2020-09-24,2643995,249304,9.43,39969,1492,3.73,33727,1233,3.66
"456",2020-09-23,2628862,248191,9.44,44814,1437,3.21,33627,1214,3.61
"457",2020-09-22,2612486,247101,9.46,42881,1294,3.02,33012,1216,3.68
"458",2020-09-21,2596648,246089,9.48,42694,1584,3.71,32422,1208,3.73
"459",2020-09-20,2579716,244904,9.49,9185,518,5.64,31803,1206,3.79
"460",2020-09-19,2575245,244514,9.49,20027,966,4.82,31674,1180,3.73
"461",2020-09-18,2566253,243836,9.5,36518,1339,3.67,31693,1173,3.7
"462",2020-09-17,2551378,242883,9.52,39271,1363,3.47,31582,1169,3.7
"463",2020-09-16,2536288,241890,9.54,40505,1449,3.58,31149,1152,3.7
"464",2020-09-15,2521058,240835,9.55,38754,1240,3.2,30874,1145,3.71
"465",2020-09-14,2506676,239918,9.57,38360,1564,4.08,31478,1206,3.83
"466",2020-09-13,2491243,238790,9.59,8286,339,4.09,27339,1048,3.83
"467",2020-09-12,2487201,238523,9.59,20157,919,4.56,27335,1067,3.9
"468",2020-09-11,2478202,237885,9.6,35741,1306,3.65,25991,1014,3.9
"469",2020-09-10,2462927,237008,9.62,36237,1244,3.43,25463,1035,4.06
"470",2020-09-09,2448724,236132,9.64,38580,1406,3.64,24999,1065,4.26
"471",2020-09-08,2434396,235141,9.66,42988,1664,3.87,25061,1090,4.35
"472",2020-09-07,2418280,234020,9.68,9386,460,4.9,24066,1055,4.38
"473",2020-09-06,2414331,233682,9.68,8259,469,5.68,27753,1242,4.48
"474",2020-09-05,2410026,233322,9.68,10746,551,5.13,27861,1245,4.47
"475",2020-09-04,2404735,232928,9.69,32043,1451,4.53,29236,1345,4.6
"476",2020-09-03,2391328,231976,9.7,32989,1454,4.41,29185,1372,4.7
"477",2020-09-02,2378637,230972,9.71,39017,1581,4.05,28942,1403,4.85
"478",2020-09-01,2363235,229853,9.73,36019,1422,3.95,28808,1441,5
"479",2020-08-31,2348734,228831,9.74,35199,1767,5.02,28752,1492,5.19
"480",2020-08-30,2334135,227600,9.75,9016,490,5.43,28826,1537,5.33
"481",2020-08-29,2329572,227233,9.75,20368,1253,6.15,28842,1559,5.41
"482",2020-08-28,2319829,226393,9.76,31684,1637,5.17,28846,1582,5.48
"483",2020-08-27,2305856,225323,9.77,31290,1672,5.34,29075,1634,5.62
"484",2020-08-26,2292743,224184,9.78,38077,1846,4.85,29231,1665,5.7
"485",2020-08-25,2276062,222871,9.79,35628,1776,4.98,29093,1685,5.79
"486",2020-08-24,2260571,221600,9.8,35716,2082,5.83,29211,1719,5.88
"487",2020-08-23,2244540,220136,9.81,9131,650,7.12,29295,1738,5.93
"488",2020-08-22,2239735,219659,9.81,20399,1414,6.93,29344,1744,5.94
"489",2020-08-21,2229661,218785,9.81,33281,1996,6,29586,1784,6.03
"490",2020-08-20,2213797,217478,9.82,32386,1890,5.84,29549,1805,6.11
"491",2020-08-19,2199243,216190,9.83,37109,1990,5.36,30072,1845,6.14
"492",2020-08-18,2182779,214822,9.84,36456,2009,5.51,30664,1911,6.23
"493",2020-08-17,2166527,213399,9.85,36300,2217,6.11,31332,1960,6.26
"494",2020-08-16,2149403,211917,9.86,9480,689,7.27,32234,2069,6.42
"495",2020-08-15,2144252,211414,9.86,22087,1699,7.69,32308,2086,6.46
"496",2020-08-14,2132440,210309,9.86,33024,2141,6.48,32558,2117,6.5
"497",2020-08-13,2115907,208933,9.87,36047,2169,6.02,33387,2220,6.65
"498",2020-08-12,2098587,207461,9.89,41252,2451,5.94,34294,2301,6.71
"499",2020-08-11,2078689,205791,9.9,41134,2356,5.73,34455,2346,6.81
"500",2020-08-10,2058536,204141,9.92,42617,2979,6.99,34889,2450,7.02
"501",2020-08-09,2037163,202073,9.92,9995,805,8.05,34489,2471,7.16
"502",2020-08-08,2031467,201475,9.92,23838,1916,8.04,34634,2483,7.17
"503",2020-08-07,2018115,200234,9.92,38826,2862,7.37,34993,2537,7.25
"504",2020-08-06,1997789,198328,9.93,42398,2736,6.45,35119,2582,7.35
"505",2020-08-05,1976525,196470,9.94,42376,2767,6.53,35015,2644,7.55
"506",2020-08-04,1955372,194521,9.95,44174,3082,6.98,35242,2712,7.7
"507",2020-08-03,1932643,192379,9.95,39813,3132,7.87,35155,2763,7.86
"508",2020-08-02,1912322,190201,9.95,11010,889,8.07,35820,2842,7.93
"509",2020-08-01,1905651,189545,9.95,26356,2291,8.69,35833,2852,7.96
"510",2020-07-31,1890270,187921,9.94,39703,3178,8,35894,2941,8.19
"511",2020-07-30,1868173,185837,9.95,41675,3167,7.6,34567,3011,8.71
"512",2020-07-29,1845708,183557,9.95,43961,3245,7.38,33988,3064,9.01
"513",2020-07-28,1821876,181257,9.95,43566,3441,7.9,34209,3146,9.2
"514",2020-07-27,1792013,178715,9.97,44471,3686,8.29,34398,3253,9.46
"515",2020-07-26,1760243,175552,9.97,11100,955,8.6,34250,3360,9.81
"516",2020-07-25,1753190,174815,9.97,26784,2914,10.88,34167,3382,9.9
"517",2020-07-24,1733095,172353,9.94,30412,3667,12.06,34270,3371,9.84
"518",2020-07-23,1714502,169591,9.89,37620,3537,9.4,36069,3424,9.49
"519",2020-07-22,1693335,166947,9.86,45509,3825,8.4,37117,3519,9.48
"520",2020-07-21,1667827,163993,9.83,44887,4190,9.33,36396,3497,9.61
"521",2020-07-20,1641632,160722,9.79,43441,4429,10.2,36330,3496,9.62
"522",2020-07-19,1615556,157335,9.74,10514,1112,10.58,36102,3482,9.64
"523",2020-07-18,1608863,156435,9.72,27505,2835,10.31,36098,3503,9.7
"524",2020-07-17,1590874,154163,9.69,43007,4043,9.4,36240,3515,9.7
"525",2020-07-16,1564085,150926,9.65,44957,4196,9.33,35954,3492,9.71
"526",2020-07-15,1536283,147524,9.6,40461,3676,9.09,35752,3487,9.75
"527",2020-07-14,1511624,144512,9.56,44427,4181,9.41,36355,3558,9.79
"528",2020-07-13,1483721,141069,9.51,41840,4333,10.36,35861,3548,9.89
"529",2020-07-12,1456612,137494,9.44,10488,1255,11.97,34573,3377,9.77
"530",2020-07-11,1449834,136453,9.41,28502,2918,10.24,34434,3367,9.78
"531",2020-07-10,1430586,134020,9.37,41003,3886,9.48,31263,3076,9.84
"532",2020-07-09,1403876,130817,9.32,43542,4162,9.56,27832,2771,9.96
"533",2020-07-08,1376442,127375,9.25,44684,4174,9.34,27811,2740,9.85
"534",2020-07-07,1347462,123877,9.19,40970,4108,10.03,27281,2703,9.91
"535",2020-07-06,1320044,120419,9.12,32820,3136,9.56,26811,2632,9.82
"536",2020-07-05,1297630,117739,9.07,9514,1188,12.49,27477,2688,9.78
"537",2020-07-04,1291094,116736,9.04,6308,875,13.87,27483,2665,9.7
"538",2020-07-03,1286610,115975,9.01,16983,1751,10.31,30190,2880,9.54
"539",2020-07-02,1274754,114478,8.98,43398,3949,9.1,33110,3112,9.4
"540",2020-07-01,1244881,111179,8.93,40973,3913,9.55,32223,3049,9.46
"541",2020-06-30,1217389,107840,8.86,37678,3612,9.59,31035,2948,9.5
"542",2020-06-29,1190848,104769,8.8,37482,3529,9.42,30098,2860,9.5
"543",2020-06-28,1164446,101747,8.74,9560,1025,10.72,28984,2754,9.5
"544",2020-06-27,1157759,100862,8.71,25256,2383,9.44,28770,2749,9.56
"545",2020-06-26,1139245,98811,8.67,37424,3375,9.02,27402,2676,9.77
"546",2020-06-25,1112892,95893,8.62,37185,3506,9.43,25837,2534,9.81
"547",2020-06-24,1087140,92803,8.54,32658,3205,9.81,24205,2395,9.89
"548",2020-06-23,1064814,90046,8.46,31122,2997,9.63,23194,2294,9.89
"549",2020-06-22,1042798,87442,8.39,29684,2784,9.38,22550,2189,9.71
"550",2020-06-21,1021950,85048,8.32,8060,996,12.36,22279,2119,9.51
"551",2020-06-20,1016214,84193,8.28,15681,1868,11.91,22145,2072,9.36
"552",2020-06-19,1004997,82638,8.22,26467,2385,9.01,22231,2005,9.02
"553",2020-06-18,987449,80625,8.16,25763,2530,9.82,22299,1913,8.58
"554",2020-06-17,970455,78469,8.09,25584,2497,9.76,22285,1824,8.18
"555",2020-06-16,953057,76353,8.01,26608,2260,8.49,22459,1732,7.71
"556",2020-06-15,934889,74489,7.97,27787,2294,8.26,22804,1653,7.25
"557",2020-06-14,915448,72582,7.93,7127,668,9.37,22595,1598,7.07
"558",2020-06-13,910442,72029,7.91,16281,1400,8.6,22544,1578,7
"559",2020-06-12,898892,70895,7.89,26944,1743,6.47,23093,1560,6.76
"560",2020-06-11,880956,69551,7.89,25663,1906,7.43,23048,1553,6.74
"561",2020-06-10,863762,68079,7.88,26800,1851,6.91,22639,1514,6.69
"562",2020-06-09,845405,66607,7.88,29028,1707,5.88,21952,1491,6.79
"563",2020-06-08,824831,65250,7.91,26325,1911,7.26,20657,1481,7.17
"564",2020-06-07,805526,63726,7.91,6770,529,7.81,19408,1392,7.17
"565",2020-06-06,800629,63278,7.9,20119,1274,6.33,19260,1375,7.14
"566",2020-06-05,785256,62245,7.93,26632,1693,6.36,18592,1354,7.28
"567",2020-06-04,765872,60932,7.96,22801,1633,7.16,18222,1367,7.5
"568",2020-06-03,749242,59581,7.95,21987,1689,7.68,18331,1375,7.5
"569",2020-06-02,732986,58186,7.94,19963,1635,8.19,18818,1396,7.42
"570",2020-06-01,718565,56781,7.9,17587,1290,7.33,19916,1488,7.47
"571",2020-05-31,705941,55733,7.89,5730,411,7.17,18313,1409,7.69
"572",2020-05-30,701900,55420,7.9,15442,1129,7.31,18304,1418,7.75
"573",2020-05-29,689818,54485,7.9,24045,1781,7.41,18371,1375,7.48
"574",2020-05-28,671076,52968,7.89,23562,1688,7.16,18287,1300,7.11
"575",2020-05-27,653148,51534,7.89,25397,1841,7.25,18089,1246,6.89
"576",2020-05-26,633497,50016,7.9,27646,2278,8.24,17829,1204,6.75
"577",2020-05-25,612323,48097,7.85,6366,732,11.5,17129,1070,6.25
"578",2020-05-24,607818,47509,7.82,5671,474,8.36,19504,1171,6
"579",2020-05-23,603502,47136,7.81,15910,834,5.24,19538,1169,5.98
"580",2020-05-22,590555,46456,7.87,23455,1254,5.35,19550,1172,5.99
"581",2020-05-21,571581,45504,7.96,22175,1309,5.9,19882,1235,6.21
"582",2020-05-20,554090,44476,8.03,23583,1548,6.56,20155,1290,6.4
"583",2020-05-19,534748,43268,8.09,22740,1338,5.88,20232,1258,6.22
"584",2020-05-18,515849,42235,8.19,22994,1438,6.25,20338,1272,6.25
"585",2020-05-17,496699,41084,8.27,5907,465,7.87,20024,1259,6.29
"586",2020-05-16,491918,40709,8.28,15993,855,5.35,19986,1258,6.29
"587",2020-05-15,477879,40010,8.37,25779,1691,6.56,19833,1268,6.39
"588",2020-05-14,455483,38585,8.47,24086,1696,7.04,19032,1202,6.32
"589",2020-05-13,434989,37130,8.54,24126,1322,5.48,18767,1134,6.04
"590",2020-05-12,414239,36101,8.72,23481,1434,6.11,18681,1135,6.08
"591",2020-05-11,393861,34942,8.87,20797,1349,6.49,18297,1135,6.2
"592",2020-05-10,375785,33878,9.02,5637,458,8.12,18092,1084,5.99
"593",2020-05-09,371083,33519,9.03,14925,924,6.19,18248,1089,5.97
"594",2020-05-08,357699,32800,9.17,20169,1230,6.1,18316,1074,5.86
"595",2020-05-07,339707,31823,9.37,22235,1221,5.49,18283,1060,5.8
"596",2020-05-06,319916,30840,9.64,23521,1326,5.64,17896,1053,5.88
"597",2020-05-05,298733,29770,9.97,20793,1434,6.9,16458,1040,6.32
"598",2020-05-04,280362,28589,10.2,19364,992,5.12,15336,1012,6.6
"599",2020-05-03,262755,27838,10.59,6732,499,7.41,14378,1062,7.39
"600",2020-05-02,256802,27457,10.69,15395,815,5.29,14068,1069,7.6
"601",2020-05-01,242556,26776,11.04,19941,1135,5.69,13318,1109,8.33
"602",2020-04-30,224130,25837,11.53,19524,1171,6,11939,1127,9.44
"603",2020-04-29,206303,24865,12.05,13458,1231,9.15,10226,1118,10.93
"604",2020-04-28,194349,23823,12.26,12941,1238,9.57,9437,1079,11.43
"605",2020-04-27,182769,22778,12.46,12658,1343,10.61,8948,1052,11.76
"606",2020-04-26,171489,21646,12.62,4560,549,12.04,8174,1016,12.43
"607",2020-04-25,167550,21197,12.65,10147,1098,10.82,8028,1003,12.49
"608",2020-04-24,158260,20241,12.79,10288,1262,12.27,7453,949,12.73
"609",2020-04-23,149094,19166,12.85,7529,1105,14.68,7118,891,12.52
"610",2020-04-22,142508,18221,12.79,7939,957,12.05,7143,858,12.01
"611",2020-04-21,135496,17423,12.86,9515,1047,11,7160,864,12.07
"612",2020-04-20,126928,16531,13.02,7243,1092,15.08,6570,827,12.59
"613",2020-04-19,120536,15595,12.94,3534,461,13.04,6113,785,12.84
"614",2020-04-18,117500,15211,12.95,6120,718,11.73,5807,760,13.09
"615",2020-04-17,111977,14584,13.02,7947,859,10.81,5418,721,13.31
"616",2020-04-16,104813,13848,13.21,7702,874,11.35,5198,693,13.33
"617",2020-04-15,97783,13091,13.39,8062,995,12.34,4953,658,13.28
"618",2020-04-14,90370,12214,13.52,5380,790,14.68,4446,616,13.86
"619",2020-04-13,85472,11527,13.49,4046,799,19.75,4216,607,14.4
"620",2020-04-12,81954,10827,13.21,1392,285,20.47,4071,561,13.78
"621",2020-04-11,80781,10577,13.09,3398,446,13.13,4118,580,14.08
"622",2020-04-10,77625,10179,13.11,6408,661,10.32,4040,585,14.48
"623",2020-04-09,71608,9602,13.41,5984,631,10.54,3844,576,14.98
"624",2020-04-08,65929,9032,13.7,4516,698,15.46,3629,572,15.76
"625",2020-04-07,61725,8401,13.61,3765,730,19.39,3628,562,15.49
"626",2020-04-06,58263,7735,13.28,3035,477,15.72,3683,539,14.63
"627",2020-04-05,55569,7312,13.16,1722,414,24.04,3819,553,14.48
"628",2020-04-04,54045,6929,12.82,2853,484,16.96,3747,528,14.09
"629",2020-04-03,51393,6475,12.6,5032,595,11.82,3732,511,13.69
"630",2020-04-02,46662,5924,12.7,4477,609,13.6,3489,486,13.93
"631",2020-04-01,42477,5358,12.61,4512,623,13.81,3259,454,13.93
"632",2020-03-31,38222,4763,12.46,4153,570,13.73,3012,415,13.78
"633",2020-03-30,34322,4237,12.34,3982,578,14.52,2782,381,13.7
"634",2020-03-29,30567,3690,12.07,1221,236,19.33,2545,342,13.44
"635",2020-03-28,29500,3479,11.79,2746,366,13.33,2482,328,13.22
"636",2020-03-27,26902,3138,11.66,3331,423,12.7,2214,293,13.23
"637",2020-03-26,23750,2747,11.57,2866,384,13.4,2015,261,12.95
"638",2020-03-25,21032,2388,11.35,2788,347,12.45,1857,235,12.65
"639",2020-03-24,18390,2058,11.19,2539,336,13.23,1692,208,12.29
"640",2020-03-23,15951,1740,10.91,2322,302,13.01,1581,186,11.76
"641",2020-03-22,13713,1450,10.57,779,141,18.1,1454,166,11.42
"642",2020-03-21,12995,1318,10.14,875,117,13.37,1416,151,10.66
"643",2020-03-20,12175,1211,9.95,1935,203,10.49,1358,142,10.46
"644",2020-03-19,10304,1016,9.86,1764,196,11.11,1192,125,10.49
"645",2020-03-18,8560,823,9.61,1632,158,9.68,1035,107,10.34
"646",2020-03-17,6944,669,9.63,1762,186,10.56,839,88,10.49
"647",2020-03-16,5208,484,9.29,1428,159,11.13,606,63,10.4
"648",2020-03-15,3795,327,8.62,515,40,7.77,421,43,10.21
"649",2020-03-14,3286,287,8.73,470,50,10.64,352,38,10.8
"650",2020-03-13,2825,239,8.46,776,83,10.7,287,31,10.8
"651",2020-03-12,2062,157,7.61,661,72,10.89,178,19,10.67
"652",2020-03-11,1404,85,6.05,264,23,8.71,87,9,10.34
"653",2020-03-10,1145,63,5.5,127,12,9.45,50,6,12
"654",2020-03-09,1021,52,5.09,137,20,14.6,34,5,14.71
"655",2020-03-08,891,37,4.15,26,4,15.38,15,3,20
"656",2020-03-07,867,34,3.92,16,3,18.75,13,2,15.38
"657",2020-03-06,852,31,3.64,18,1,5.56,11,2,18.18
"658",2020-03-05,834,30,3.6,20,1,5,10,2,20
"659",2020-03-04,814,29,3.56,8,1,12.5,8,2,25
"660",2020-03-03,807,28,3.47,10,4,40,7,2,28.57
"661",2020-03-02,797,24,3.01,10,6,60,6,3,50
"662",2020-03-01,787,18,2.29,8,1,12.5,5,2,40
"663",2020-02-29,780,0,0,4,0,0,4,NA,NA
"664",2020-02-28,777,0,0,11,0,0,4,NA,NA
"665",2020-02-27,766,0,0,3,0,0,3,NA,NA
"666",2020-02-26,763,0,0,2,0,0,3,NA,NA
"667",2020-02-25,761,0,0,4,0,0,4,NA,NA
"668",2020-02-24,757,17,2.25,2,1,50,3,2,66.67
"669",2020-02-23,755,0,0,3,0,0,4,NA,NA
"670",2020-02-22,752,0,0,3,0,0,4,NA,NA
"671",2020-02-21,750,0,0,2,0,0,4,NA,NA
"672",2020-02-20,748,0,0,8,0,0,5,NA,NA
"673",2020-02-19,740,0,0,3,0,0,4,NA,NA
"674",2020-02-18,737,0,0,3,0,0,4,NA,NA
"675",2020-02-17,734,0,0,5,0,0,4,NA,NA
"676",2020-02-16,729,16,2.19,3,1,33.33,3,2,66.67
"677",2020-02-15,726,0,0,6,0,0,3,NA,NA
"678",2020-02-14,720,0,0,4,0,0,9,NA,NA
"679",2020-02-13,716,0,0,4,0,0,10,NA,NA
"680",2020-02-12,712,0,0,1,0,0,9,NA,NA
"681",2020-02-11,711,0,0,3,0,0,10,NA,NA
"682",2020-02-10,708,0,0,1,0,0,10,NA,NA
"683",2020-02-09,707,0,0,5,0,0,11,NA,NA
"684",2020-02-08,702,0,0,46,0,0,14,NA,NA
"685",2020-02-07,656,0,0,7,0,0,47,NA,NA
"686",2020-02-06,649,0,0,3,0,0,48,NA,NA
"687",2020-02-05,646,0,0,2,0,0,48,NA,NA
"688",2020-02-04,644,0,0,3,0,0,49,NA,NA
"689",2020-02-03,641,15,2.34,10,1,10,49,2,4.08
"690",2020-02-02,631,14,2.22,24,1,4.17,47,NA,NA
"691",2020-02-01,608,13,2.14,282,9,3.19,45,NA,NA
"692",2020-01-31,326,4,1.23,15,1,6.67,5,NA,NA
"693",2020-01-30,311,0,0,2,0,0,3,NA,NA
"694",2020-01-28,309,0,0,6,0,0,3,NA,NA
"695",2020-01-27,303,0,0,1,0,0,3,NA,NA
"696",2020-01-26,302,0,0,1,0,0,3,NA,NA
"697",2020-01-25,301,0,0,6,0,0,4,NA,NA
"698",2020-01-24,295,0,0,1,0,0,4,NA,NA
"699",2020-01-23,294,0,0,1,0,0,4,NA,NA
"700",2020-01-22,293,0,0,3,0,0,4,NA,NA
"701",2020-01-21,290,0,0,9,0,0,4,NA,NA
"702",2020-01-20,281,0,0,3,0,0,3,NA,NA
"703",2020-01-19,278,0,0,7,0,0,4,NA,NA
"704",2020-01-18,271,0,0,1,0,0,3,NA,NA
"705",2020-01-17,270,0,0,1,0,0,6,NA,NA
"706",2020-01-16,269,0,0,2,0,0,6,NA,NA
"707",2020-01-15,267,0,0,3,0,0,7,NA,NA
"708",2020-01-14,264,0,0,4,0,0,14,NA,NA
"709",2020-01-13,260,0,0,7,0,0,21,NA,NA
"710",2020-01-12,253,0,0,5,0,0,22,NA,NA
"711",2020-01-11,248,0,0,17,0,0,23,NA,NA
"712",2020-01-10,239,0,0,6,0,0,27,NA,NA
"713",2020-01-09,233,0,0,9,0,0,26,NA,NA
"714",2020-01-08,224,0,0,47,0,0,27,NA,NA
"715",2020-01-07,183,0,0,59,0,0,26,NA,NA
"716",2020-01-06,124,3,2.42,8,1,12.5,NA,NA,NA
"717",2020-01-05,116,0,0,17,0,0,NA,NA,NA
"718",2020-01-04,99,2,2.02,40,1,2.5,NA,NA,NA
"719",2020-01-03,59,0,0,4,0,0,NA,NA,NA
"720",2020-01-02,55,0,0,12,0,0,NA,NA,NA
"721",2020-01-01,43,1,2.33,43,1,2.33,NA,NA,NA
